{
    "loss": 0.07813814968754099,
    "accuracy": 0.9411764705882353
}