{
    "loss": 0.045113822226138675,
    "accuracy": 0.9852941176470589
}